direction,machine,model,message,source,note
display->mainboard,00 00 03 02,EP2200 / EP2220/10,D5 55 00 00 00 03 02 00 00 00 2D 01,upstream issue #10,
display->mainboard,01 00 00 02,unknown,D5 55 00 01 00 00 02 00 00 00 01 14,upstream issue #19,
display->mainboard,01 00 00 02,unknown,D5 55 01 01 00 00 02 00 00 00 35 05,upstream issue #19,
display->mainboard,01 02 00 02,EP2220 / EP2235,D5 55 00 01 02 00 02 00 00 00 11 36,upstream protocol.md,
display->mainboard,01 02 00 02,EP2220 / EP2235,D5 55 00 01 02 00 02 00 00 01 19 32,upstream protocol.md,
display->mainboard,01 02 00 02,EP2220 / EP2235,D5 55 00 01 02 00 02 00 02 00 09 2F,upstream protocol.md,
display->mainboard,01 02 00 02,EP2220 / EP2235,D5 55 00 01 02 00 02 00 04 00 20 05,upstream protocol.md,
display->mainboard,01 02 00 02,EP2220 / EP2235,D5 55 00 01 02 00 02 00 10 00 0D 36,upstream protocol.md,
display->mainboard,01 02 00 02,EP2220 / EP2235,D5 55 00 01 02 00 02 00 20 00 28 37,upstream protocol.md,
display->mainboard,01 02 00 02,EP2220 / EP2235,D5 55 00 01 02 00 02 01 00 00 1D 3B,upstream protocol.md,
display->mainboard,01 02 00 02,EP2220 / EP2235,D5 55 00 01 02 00 02 02 00 00 09 2D,upstream protocol.md,
display->mainboard,01 02 00 02,EP2220 / EP2235,D5 55 00 01 02 00 02 04 00 00 21 01,upstream protocol.md,
display->mainboard,01 02 00 02,EP2220 / EP2235,D5 55 00 01 02 00 02 08 00 00 39 1C,upstream protocol.md,
display->mainboard,01 02 00 02,EP2220 / EP2235,D5 55 00 01 02 00 02 10 00 00 09 26,upstream protocol.md,
display->mainboard,01 02 00 02,EP2220 / EP2235,D5 55 01 01 02 00 02 00 00 00 25 27,upstream protocol.md,
display->mainboard,01 02 00 02,EP2220 / EP2235,D5 55 02 01 02 00 02 00 00 00 38 15,upstream protocol.md,
display->mainboard,01 02 00 02,EP2220 / EP2235,D5 55 0A 01 02 00 02 00 00 00 0E 12,upstream protocol.md,
display->mainboard,01 02 00 03,EP2231,D5 55 00 01 02 00 03 00 00 00 3C 2B,"this fork, captured",
display->mainboard,01 02 00 03,EP2231,D5 55 00 01 02 00 03 00 02 00 24 32,"this fork, captured",
display->mainboard,01 02 00 03,EP2231,D5 55 00 01 02 00 03 00 04 00 0D 18,"this fork, captured",
display->mainboard,01 02 00 03,EP2231,D5 55 00 01 02 00 03 01 00 00 30 26,"this fork, captured",
display->mainboard,01 02 00 03,EP2231,D5 55 00 01 02 00 03 02 00 00 24 30,"this fork, captured",
display->mainboard,01 02 00 03,EP2231,D5 55 00 01 02 00 03 04 00 00 0C 1C,"this fork, captured",
display->mainboard,01 02 00 03,EP2231,D5 55 00 01 02 00 03 08 00 00 14 01,"this fork, captured",
display->mainboard,01 02 00 03,EP2231,D5 55 00 01 02 00 03 10 00 00 24 3B,"this fork, captured",
display->mainboard,01 02 00 03,EP2231,D5 55 01 01 02 00 03 00 00 00 08 3A,"this fork, captured",
display->mainboard,01 02 00 03,EP2231,D5 55 0A 01 02 00 03 00 00 00 23 0F,"this fork, captured",
display->mainboard,01 03 00 0D,EP2230,D5 55 00 01 03 00 0D 00 00 00 02 12,upstream issue #74,
display->mainboard,01 03 00 0E,EP3243 / EP3246,D5 55 00 01 03 00 0E 00 00 01 3D 30,upstream commands.h,
display->mainboard,01 03 00 0E,EP3243 / EP3246,D5 55 00 01 03 00 0E 00 01 00 39 38,upstream commands.h,
display->mainboard,01 03 00 0E,EP3243 / EP3246,D5 55 00 01 03 00 0E 00 02 00 2D 2D,upstream commands.h,
display->mainboard,01 03 00 0E,EP3243 / EP3246,D5 55 00 01 03 00 0E 00 04 00 04 07,upstream commands.h,
display->mainboard,01 03 00 0E,EP3243 / EP3246,D5 55 00 01 03 00 0E 00 08 00 1F 16,upstream commands.h,
display->mainboard,01 03 00 0E,EP3243 / EP3246,D5 55 00 01 03 00 0E 00 10 00 29 34,upstream commands.h,
display->mainboard,01 03 00 0E,EP3243 / EP3246,D5 55 00 01 03 00 0E 00 20 00 0C 35,upstream commands.h,
display->mainboard,01 03 00 0E,EP3243 / EP3246,D5 55 00 01 03 00 0E 01 00 00 39 39,upstream commands.h,
display->mainboard,01 03 00 0E,EP3243 / EP3246,D5 55 00 01 03 00 0E 02 00 00 2D 2F,upstream commands.h,
display->mainboard,01 03 00 0E,EP3243 / EP3246,D5 55 00 01 03 00 0E 04 00 00 05 03,upstream commands.h,
display->mainboard,01 03 00 0E,EP3243 / EP3246,D5 55 00 01 03 00 0E 08 00 00 1D 1E,upstream commands.h,
display->mainboard,01 03 00 0E,EP3243 / EP3246,D5 55 00 01 03 00 0E 10 00 00 2D 24,upstream commands.h,
display->mainboard,01 03 00 0E,EP3243 / EP3246,D5 55 00 01 03 00 0E 20 00 00 04 15,upstream commands.h,
display->mainboard,01 03 00 0E,EP3243 / EP3246,D5 55 01 01 03 00 0E 00 00 00 01 25,upstream commands.h,
display->mainboard,01 03 00 0E,EP3243 / EP3246,D5 55 02 01 03 00 0E 00 00 00 1C 17,upstream commands.h,
display->mainboard,01 03 00 0E,EP3243 / EP3246,D5 55 0A 01 03 00 0E 00 00 00 2A 10,upstream commands.h,
display->mainboard,01 03 00 12,EP3241,D5 55 00 01 03 00 12 00 00 00 10 21,upstream issue #75,
display->mainboard,01 03 00 12,EP3241,D5 55 00 01 03 00 12 00 01 00 1C 2D,upstream issue #44,
display->mainboard,01 03 00 12,EP3241,D5 55 00 01 03 00 12 00 02 00 08 38,upstream issue #44,
display->mainboard,01 03 00 12,EP3241,D5 55 00 01 03 00 12 00 04 00 21 12,upstream issue #44,
display->mainboard,01 03 00 12,EP3241,D5 55 00 01 03 00 12 00 08 00 3A 03,upstream issue #44,
display->mainboard,01 03 00 12,EP3241,D5 55 00 01 03 00 12 00 10 00 0C 21,upstream issue #44,
display->mainboard,01 03 00 12,EP3241,D5 55 00 01 03 00 12 00 20 00 29 20,upstream issue #44,
display->mainboard,01 03 00 12,EP3241,D5 55 00 01 03 00 12 01 00 00 1C 2C,upstream issue #44,
display->mainboard,01 03 00 12,EP3241,D5 55 00 01 03 00 12 02 00 00 08 3A,upstream issue #44,
display->mainboard,01 03 00 12,EP3241,D5 55 00 01 03 00 12 04 00 00 20 16,upstream issue #44,
display->mainboard,01 03 00 12,EP3241,D5 55 00 01 03 00 12 08 00 00 38 0B,upstream issue #44,
display->mainboard,01 03 00 12,EP3241,D5 55 00 01 03 00 12 10 00 00 08 31,upstream issue #44,
display->mainboard,01 03 00 12,EP3241,D5 55 00 01 03 00 12 20 00 00 21 00,upstream issue #44,
display->mainboard,01 04 02 04,EP3221,D5 55 00 01 04 02 04 00 00 00 2F 0D,upstream issue #40,
display->mainboard,01 04 02 04,EP3221,D5 55 01 01 04 02 04 00 00 00 01 25,upstream issue #36,inconsistent with every other message; checksum belongs to 01 03 00 0E
display->mainboard,01 04 02 04,EP3221,D5 55 01 01 04 02 04 00 00 00 1B 1C,upstream issue #36,
display->mainboard,01 04 02 04,EP3221,D5 55 0A 01 04 02 04 00 00 00 2A 10,upstream issue #36,inconsistent with every other message; checksum belongs to 01 03 00 0E
display->mainboard,01 04 02 04,EP3221,D5 55 0A 01 04 02 04 00 00 00 30 29,upstream issue #36,
mainboard->display,,,D5 55 00 00 00 00 00 00 00 00 00 00 00 00 00 00 00 39 0D,"this fork, captured",
mainboard->display,,,D5 55 00 00 00 00 00 00 00 00 00 00 00 00 00 00 07 00 11,"this fork, captured",
mainboard->display,,,D5 55 00 00 00 00 00 00 00 00 00 00 00 00 00 07 00 1C 2B,"this fork, captured",
mainboard->display,,,D5 55 00 00 00 00 00 00 00 00 00 00 00 00 00 38 00 36 2E,"this fork, captured",
mainboard->display,,,D5 55 00 00 00 00 00 00 00 00 00 00 00 00 38 00 00 38 16,"this fork, captured",
mainboard->display,,,D5 55 00 00 00 00 00 00 00 00 00 38 00 00 00 00 00 0A 05,"this fork, captured",
mainboard->display,,,D5 55 00 00 00 00 00 00 00 00 00 38 00 00 00 00 07 33 19,"this fork, captured",
mainboard->display,,,D5 55 00 00 00 00 07 00 00 07 3F 07 00 00 00 00 00 19 30,"this fork, captured",
mainboard->display,,,D5 55 00 00 00 00 07 00 00 07 3F 07 00 00 00 00 07 20 2C,"this fork, captured",
mainboard->display,,,D5 55 00 00 00 00 07 00 38 07 00 07 00 00 00 00 00 3F 33,"this fork, captured",
mainboard->display,,,D5 55 00 00 00 00 07 00 38 07 00 07 00 00 00 00 07 06 2F,"this fork, captured",
mainboard->display,,,D5 55 00 00 00 00 07 00 38 07 38 07 00 00 00 00 00 37 01,"this fork, captured",
mainboard->display,,,D5 55 00 00 00 00 07 00 38 07 38 07 00 00 00 00 07 0E 1D,"this fork, captured",
mainboard->display,,,D5 55 00 00 00 00 07 00 38 07 3F 07 00 00 00 00 00 26 07,"this fork, captured",
mainboard->display,,,D5 55 00 00 00 00 07 00 38 07 3F 07 00 00 00 00 07 1F 1B,"this fork, captured",
mainboard->display,,,D5 55 00 00 00 00 07 00 3F 07 00 07 00 00 00 00 00 15 1F,"this fork, captured",
mainboard->display,,,D5 55 00 00 00 00 07 00 3F 07 00 07 00 00 00 00 07 2C 03,"this fork, captured",
mainboard->display,,,D5 55 00 00 00 00 07 00 3F 07 38 07 00 00 00 00 00 1D 2D,"this fork, captured",
mainboard->display,,,D5 55 00 00 00 00 07 00 3F 07 38 07 00 00 00 00 07 24 31,"this fork, captured",
mainboard->display,,,D5 55 00 00 00 00 07 00 3F 07 3F 07 00 00 00 00 00 0C 2B,"this fork, captured",
mainboard->display,,,D5 55 00 00 00 00 07 00 3F 07 3F 07 00 00 00 00 07 35 37,"this fork, captured",
mainboard->display,,,D5 55 00 00 00 03 07 00 00 00 00 00 00 00 00 00 00 31 06,"this fork, captured",
mainboard->display,,,D5 55 00 00 00 03 07 00 00 00 00 00 00 00 00 00 07 08 1A,"this fork, captured",
mainboard->display,,,D5 55 00 00 00 07 00 00 00 00 00 00 00 00 00 00 00 2B 0F,"this fork, captured",
mainboard->display,,,D5 55 00 00 00 07 00 00 00 00 00 00 00 00 00 00 07 12 13,"this fork, captured",
mainboard->display,,,D5 55 00 00 00 07 00 00 00 07 00 07 00 00 00 00 00 3D 0C,"this fork, captured",
mainboard->display,,,D5 55 00 00 00 07 00 00 00 07 00 07 00 00 00 00 07 04 10,"this fork, captured",
mainboard->display,,,D5 55 00 00 00 07 00 00 00 07 38 07 00 00 00 00 00 35 3E,"this fork, captured",
mainboard->display,,,D5 55 00 00 00 07 00 00 00 07 38 07 00 00 00 00 07 0C 22,"this fork, captured",
mainboard->display,,,D5 55 00 00 00 07 00 00 00 07 3F 07 00 00 00 00 00 24 38,"this fork, captured",
mainboard->display,,,D5 55 00 00 00 07 00 00 00 07 3F 07 00 00 00 00 07 1D 24,"this fork, captured",
mainboard->display,,,D5 55 00 00 00 07 00 00 00 38 38 07 00 00 00 00 00 32 19,"this fork, captured",
mainboard->display,,,D5 55 00 00 00 07 00 00 00 38 38 07 00 00 00 00 07 0B 05,"this fork, captured",
mainboard->display,,,D5 55 00 00 00 07 00 00 38 07 00 07 00 00 00 00 00 02 3B,"this fork, captured",
mainboard->display,,,D5 55 00 00 00 07 00 00 38 07 00 07 00 00 00 00 07 3B 27,"this fork, captured",
mainboard->display,,,D5 55 00 00 00 07 00 00 38 07 38 07 00 00 00 00 00 0A 09,"this fork, captured",
mainboard->display,,,D5 55 00 00 00 07 00 00 38 07 38 07 00 00 00 00 07 33 15,"this fork, captured",
mainboard->display,,,D5 55 00 00 00 07 00 00 38 07 3F 07 00 00 00 00 00 1B 0F,"this fork, captured",
mainboard->display,,,D5 55 00 00 00 07 00 00 38 07 3F 07 00 00 00 00 07 22 13,"this fork, captured",
mainboard->display,,,D5 55 00 00 00 07 00 00 3F 07 00 07 00 00 00 00 00 28 17,"this fork, captured",
mainboard->display,,,D5 55 00 00 00 07 00 00 3F 07 00 07 00 00 00 00 07 11 0B,"this fork, captured",
mainboard->display,,,D5 55 00 00 00 07 00 00 3F 07 38 07 00 00 00 00 00 20 25,"this fork, captured",
mainboard->display,,,D5 55 00 00 00 07 00 00 3F 07 38 07 00 00 00 00 07 19 39,"this fork, captured",
mainboard->display,,,D5 55 00 00 00 07 00 00 3F 07 3F 07 00 00 00 00 00 31 23,"this fork, captured",
mainboard->display,,,D5 55 00 00 00 07 00 00 3F 07 3F 07 00 00 00 00 07 08 3F,"this fork, captured",
mainboard->display,,,D5 55 00 00 07 00 00 00 00 00 00 00 00 00 00 00 00 3B 3F,"this fork, captured",
mainboard->display,,,D5 55 00 00 07 00 00 00 00 00 00 00 00 00 00 00 07 02 23,"this fork, captured",
mainboard->display,,,D5 55 00 00 07 00 00 00 00 00 00 07 00 00 00 00 00 2B 0D,"this fork, captured",
mainboard->display,,,D5 55 00 00 07 00 00 00 00 00 00 07 00 00 00 00 07 12 11,"this fork, captured",
mainboard->display,,,D5 55 00 00 07 00 00 00 00 00 38 07 00 00 00 00 00 23 3F,"this fork, captured",
mainboard->display,,,D5 55 00 00 07 00 00 00 00 00 38 07 00 00 00 00 07 1A 23,"this fork, captured",
mainboard->display,,,D5 55 00 00 07 00 00 00 00 00 3F 07 00 00 00 00 00 32 39,"this fork, captured",
mainboard->display,,,D5 55 00 00 07 00 00 00 00 00 3F 07 00 00 00 00 07 0B 25,"this fork, captured",
mainboard->display,,,D5 55 00 00 07 00 03 00 00 00 00 00 00 00 00 00 00 05 21,"this fork, captured",
mainboard->display,,,D5 55 00 00 07 00 03 00 00 00 00 00 00 00 00 00 07 3C 3D,"this fork, captured",
mainboard->display,,,D5 55 00 03 00 07 00 00 00 00 00 00 00 00 00 00 00 03 2C,"this fork, captured",
mainboard->display,,,D5 55 00 03 00 07 00 00 00 00 00 00 00 00 00 00 07 3A 30,"this fork, captured",
mainboard->display,,,D5 55 00 07 00 00 00 00 00 00 00 00 00 00 00 00 00 38 11,"this fork, captured",
mainboard->display,,,D5 55 00 07 00 00 00 00 00 00 00 00 00 00 00 00 07 01 0D,"this fork, captured",
mainboard->display,,,D5 55 00 07 00 00 00 00 00 07 00 07 00 00 00 00 00 2E 12,"this fork, captured",
mainboard->display,,,D5 55 00 07 00 00 00 00 00 07 00 07 00 00 00 00 07 17 0E,"this fork, captured",
mainboard->display,,,D5 55 00 07 00 00 00 00 00 07 38 07 00 00 00 00 00 26 20,"this fork, captured",
mainboard->display,,,D5 55 00 07 00 00 00 00 00 07 38 07 00 00 00 00 07 1F 3C,"this fork, captured",
mainboard->display,,,D5 55 00 07 00 00 00 00 00 07 3F 07 00 00 00 00 00 37 26,"this fork, captured",
mainboard->display,,,D5 55 00 07 00 00 00 00 00 07 3F 07 00 00 00 00 07 0E 3A,"this fork, captured",
mainboard->display,,,D5 55 00 07 00 00 00 00 38 07 00 07 00 00 00 00 00 11 25,"this fork, captured",
mainboard->display,,,D5 55 00 07 00 00 00 00 38 07 00 07 00 00 00 00 07 28 39,"this fork, captured",
mainboard->display,,,D5 55 00 07 00 00 00 00 38 07 38 07 00 00 00 00 00 19 17,"this fork, captured",
mainboard->display,,,D5 55 00 07 00 00 00 00 38 07 38 07 00 00 00 00 07 20 0B,"this fork, captured",
mainboard->display,,,D5 55 00 07 00 00 00 00 38 07 3F 07 00 00 00 00 00 08 11,"this fork, captured",
mainboard->display,,,D5 55 00 07 00 00 00 00 38 07 3F 07 00 00 00 00 07 31 0D,"this fork, captured",
mainboard->display,,,D5 55 00 07 00 00 00 00 3F 07 00 07 00 00 00 00 00 3B 09,"this fork, captured",
mainboard->display,,,D5 55 00 07 00 00 00 00 3F 07 00 07 00 00 00 00 07 02 15,"this fork, captured",
mainboard->display,,,D5 55 00 07 00 00 00 00 3F 07 38 07 00 00 00 00 00 33 3B,"this fork, captured",
mainboard->display,,,D5 55 00 07 00 00 00 00 3F 07 38 07 00 00 00 00 07 0A 27,"this fork, captured",
mainboard->display,,,D5 55 00 07 00 00 00 00 3F 07 3F 07 00 00 00 00 00 22 3D,"this fork, captured",
mainboard->display,,,D5 55 00 07 00 00 00 00 3F 07 3F 07 00 00 00 00 07 1B 21,"this fork, captured",
mainboard->display,,,D5 55 00 07 03 00 00 00 00 00 00 00 00 00 00 00 00 11 22,"this fork, captured",
mainboard->display,,,D5 55 00 07 03 00 00 00 00 00 00 00 00 00 00 00 07 28 3E,"this fork, captured",
mainboard->display,,,D5 55 00 07 07 07 07 00 00 00 00 00 07 00 00 00 00 32 32,"this fork, captured",
mainboard->display,,,D5 55 01 00 00 00 00 00 00 00 00 00 00 00 00 00 00 06 26,"this fork, captured",
